{"PartiallyConstructedPieces":[],"CompletedBasePieceHistory":[{"Id":"813f314b-02f8-4563-9e9b-c237d987a4f9","ItemPosition":{"X":28.949934,"Y":-19.371418,"Z":-80.4368},"Rotation":{"X":0.0,"Y":-0.607464731,"Z":0.0,"W":0.794346631},"TechType":"BaseFoundation","ParentId":{"value":"5543e2a4-737c-481f-a85c-f89d627da5bc"},"CameraPosition":{"X":18.7812119,"Y":-15.0937786,"Z":-75.08599},"CameraRotation":{"X":0.153956726,"Y":0.7684118,"Z":-0.201320335,"W":0.587631464},"ConstructionAmount":1.0,"ConstructionCompleted":true,"IsFurniture":false,"BaseId":"5543e2a4-737c-481f-a85c-f89d627da5bc","RotationMetadata":{"value":null},"Metadata":{"value":null},"BuildIndex":2},{"Id":"6f0b4946-64ef-4ed3-b427-a0d34a2dde65","ItemPosition":{"X":25.4344254,"Y":-15.871418,"Z":-74.30156},"Rotation":{"X":0.0,"Y":-0.607464731,"Z":0.0,"W":0.794346631},"TechType":"BaseCorridorI","ParentId":{"value":"5543e2a4-737c-481f-a85c-f89d627da5bc"},"CameraPosition":{"X":18.7543545,"Y":-11.3964281,"Z":-73.97185},"CameraRotation":{"X":0.1826278,"Y":0.792423844,"Z":-0.2852901,"W":0.50726825},"ConstructionAmount":1.0,"ConstructionCompleted":true,"IsFurniture":false,"BaseId":"5543e2a4-737c-481f-a85c-f89d627da5bc","RotationMetadata":{"value":{"$type":"NitroxModel_Subnautica.DataStructures.GameLogic.Buildings.Rotation.CorridorRotationMetadata, NitroxModel-Subnautica","Rotation":3}},"Metadata":{"value":null},"BuildIndex":3},{"Id":"816f5cf7-ff72-4739-9af9-955382955e87","ItemPosition":{"X":32.2571373,"Y":-17.5019989,"Z":-75.1488647},"Rotation":{"X":7.34145E-08,"Y":0.7834892,"Z":8.35666536E-10,"W":0.6214054},"TechType":"SolarPanel","ParentId":{"value":"5543e2a4-737c-481f-a85c-f89d627da5bc"},"CameraPosition":{"X":34.8885956,"Y":-14.8968058,"Z":-75.72522},"CameraRotation":{"X":-0.31333378,"Y":0.571279764,"Z":-0.26565814,"W":-0.710554063},"ConstructionAmount":1.0,"ConstructionCompleted":true,"IsFurniture":true,"BaseId":null,"RotationMetadata":{"value":null},"Metadata":{"value":null},"BuildIndex":4},{"Id":"3c497766-faae-4f6a-9b1a-9a0418f6ea41","ItemPosition":{"X":25.4344254,"Y":-15.871418,"Z":-74.30156},"Rotation":{"X":0.0,"Y":-0.607464731,"Z":0.0,"W":0.794346631},"TechType":"BaseHatch","ParentId":{"value":"5543e2a4-737c-481f-a85c-f89d627da5bc"},"CameraPosition":{"X":30.3836727,"Y":-15.5801945,"Z":-70.06914},"CameraRotation":{"X":-0.050005652,"Y":0.8369258,"Z":-0.0272011235,"W":-0.5443481},"ConstructionAmount":1.0,"ConstructionCompleted":true,"IsFurniture":false,"BaseId":"5543e2a4-737c-481f-a85c-f89d627da5bc","RotationMetadata":{"value":{"$type":"NitroxModel_Subnautica.DataStructures.GameLogic.Buildings.Rotation.Metadata.AnchoredFaceRotationMetadata, NitroxModel-Subnautica","Cell":{"X":1,"Y":1,"Z":1},"Direction":2,"FaceType":3}},"Metadata":{"value":null},"BuildIndex":5},{"Id":"241a81cf-fbcd-4696-9554-8479940d5509","ItemPosition":{"X":24.7937584,"Y":-15.7182083,"Z":-72.4199753},"Rotation":{"X":0.0,"Y":0.794346631,"Z":0.0,"W":0.607464731},"TechType":"Fabricator","ParentId":{"value":"5543e2a4-737c-481f-a85c-f89d627da5bc"},"CameraPosition":{"X":26.1461868,"Y":-15.2409706,"Z":-72.88597},"CameraRotation":{"X":-0.130522266,"Y":0.5731075,"Z":-0.0930798352,"W":-0.8036466},"ConstructionAmount":1.0,"ConstructionCompleted":true,"IsFurniture":true,"BaseId":null,"RotationMetadata":{"value":null},"Metadata":{"value":null},"BuildIndex":6},{"Id":"bd5b3ef9-283e-4af6-9b51-19b1d7a051ce","ItemPosition":{"X":24.8757172,"Y":-16.92566,"Z":-73.75212},"Rotation":{"X":0.0,"Y":0.7961325,"Z":0.0,"W":0.6051223},"TechType":"Locker","ParentId":{"value":"5543e2a4-737c-481f-a85c-f89d627da5bc"},"CameraPosition":{"X":26.2646027,"Y":-15.19016,"Z":-74.13794},"CameraRotation":{"X":-0.338269442,"Y":0.5477837,"Z":-0.257110953,"W":-0.7206947},"ConstructionAmount":1.0,"ConstructionCompleted":true,"IsFurniture":true,"BaseId":null,"RotationMetadata":{"value":null},"Metadata":{"value":null},"BuildIndex":7},{"Id":"b222b376-fd5f-4aa8-b2eb-967adb3e695f","ItemPosition":{"X":25.4344254,"Y":-15.871418,"Z":-74.30156},"Rotation":{"X":0.0,"Y":-0.607464731,"Z":0.0,"W":0.794346631},"TechType":"BaseWindow","ParentId":{"value":"5543e2a4-737c-481f-a85c-f89d627da5bc"},"CameraPosition":{"X":25.5732555,"Y":-15.2491217,"Z":-73.2770157},"CameraRotation":{"X":0.03795307,"Y":0.947324038,"Z":-0.1225106,"W":0.293475449},"ConstructionAmount":1.0,"ConstructionCompleted":true,"IsFurniture":false,"BaseId":"5543e2a4-737c-481f-a85c-f89d627da5bc","RotationMetadata":{"value":{"$type":"NitroxModel_Subnautica.DataStructures.GameLogic.Buildings.Rotation.Metadata.AnchoredFaceRotationMetadata, NitroxModel-Subnautica","Cell":{"X":1,"Y":1,"Z":1},"Direction":1,"FaceType":2}},"Metadata":{"value":null},"BuildIndex":8},{"Id":"eda60afe-c654-42ac-b171-2f0d56aee59f","ItemPosition":{"X":24.5395031,"Y":-16.92566,"Z":-75.06999},"Rotation":{"X":0.0,"Y":0.789552331,"Z":0.0,"W":0.6136832},"TechType":"Locker","ParentId":{"value":"5543e2a4-737c-481f-a85c-f89d627da5bc"},"CameraPosition":{"X":25.708168,"Y":-15.1879673,"Z":-75.36761},"CameraRotation":{"X":-0.366035759,"Y":0.543751,"Z":-0.284503,"W":-0.699579},"ConstructionAmount":1.0,"ConstructionCompleted":true,"IsFurniture":true,"BaseId":null,"RotationMetadata":{"value":null},"Metadata":{"value":null},"BuildIndex":9},{"Id":"9a6c2e4a-3045-42a0-8dcc-fa238116df8c","ItemPosition":{"X":28.949934,"Y":-15.871418,"Z":-80.4368},"Rotation":{"X":0.0,"Y":-0.607464731,"Z":0.0,"W":0.794346631},"TechType":"BaseCorridorI","ParentId":{"value":"5543e2a4-737c-481f-a85c-f89d627da5bc"},"CameraPosition":{"X":31.3703976,"Y":-11.3013573,"Z":-74.7504654},"CameraRotation":{"X":-0.06850399,"Y":0.9296015,"Z":-0.284984261,"W":-0.223455474},"ConstructionAmount":1.0,"ConstructionCompleted":true,"IsFurniture":false,"BaseId":"5543e2a4-737c-481f-a85c-f89d627da5bc","RotationMetadata":{"value":{"$type":"NitroxModel_Subnautica.DataStructures.GameLogic.Buildings.Rotation.CorridorRotationMetadata, NitroxModel-Subnautica","Rotation":0}},"Metadata":{"value":null},"BuildIndex":11},{"Id":"803f1c9d-17c3-4798-b511-4142b1f897e7","ItemPosition":{"X":24.1245575,"Y":-15.871418,"Z":-79.12693},"Rotation":{"X":0.0,"Y":-0.607464731,"Z":0.0,"W":0.794346631},"TechType":"BaseCorridorL","ParentId":{"value":"5543e2a4-737c-481f-a85c-f89d627da5bc"},"CameraPosition":{"X":25.1499958,"Y":-10.86803,"Z":-74.1086349},"CameraRotation":{"X":-0.0146861207,"Y":0.9487879,"Z":-0.312404484,"W":-0.044602152},"ConstructionAmount":1.0,"ConstructionCompleted":true,"IsFurniture":false,"BaseId":"5543e2a4-737c-481f-a85c-f89d627da5bc","RotationMetadata":{"value":{"$type":"NitroxModel_Subnautica.DataStructures.GameLogic.Buildings.Rotation.CorridorRotationMetadata, NitroxModel-Subnautica","Rotation":1}},"Metadata":{"value":null},"BuildIndex":12},{"Id":"f06cf350-5cfd-45f8-8c0a-9d082ffd8b58","ItemPosition":{"X":42.1161957,"Y":-15.871418,"Z":-89.19177},"Rotation":{"X":0.0,"Y":-0.607464731,"Z":0.0,"W":0.794346631},"TechType":"BaseMapRoom","ParentId":{"value":"5543e2a4-737c-481f-a85c-f89d627da5bc"},"CameraPosition":{"X":32.9880066,"Y":-12.4023838,"Z":-74.70095},"CameraRotation":{"X":0.04775293,"Y":0.9405453,"Z":-0.148967788,"W":0.3015008},"ConstructionAmount":1.0,"ConstructionCompleted":true,"IsFurniture":false,"BaseId":"5543e2a4-737c-481f-a85c-f89d627da5bc","RotationMetadata":{"value":{"$type":"NitroxModel_Subnautica.DataStructures.GameLogic.Buildings.Rotation.MapRoomRotationMetadata, NitroxModel-Subnautica","CellType":9,"ConnectionMask":3}},"Metadata":{"value":null},"BuildIndex":13},{"Id":"efad9aaa-d324-4043-944b-f14fbb224849","ItemPosition":{"X":28.949934,"Y":-15.871418,"Z":-80.4368},"Rotation":{"X":0.0,"Y":-0.607464731,"Z":0.0,"W":0.794346631},"TechType":"BaseWindow","ParentId":{"value":"5543e2a4-737c-481f-a85c-f89d627da5bc"},"CameraPosition":{"X":33.4796677,"Y":-15.2899485,"Z":-81.87775},"CameraRotation":{"X":-0.07002093,"Y":0.4707732,"Z":-0.0375157334,"W":-0.8786707},"ConstructionAmount":1.0,"ConstructionCompleted":true,"IsFurniture":false,"BaseId":"5543e2a4-737c-481f-a85c-f89d627da5bc",